{
  "project_info": {
    "project_number": "227330710858",
    "project_id": "login-register-firebass",
    "storage_bucket": "login-register-firebass.appspot.com"
  },
  "client": [
    {
      "client_info": {
        "mobilesdk_app_id": "1:227330710858:android:2579fa4ca6f468c1ad75b3",
        "android_client_info": {
          "package_name": "com.example.disciplinemaster"
        }
      },
      "oauth_client": [
        {
          "client_id": "227330710858-4sn66h8dktun80m1c727jil4lit7tiqe.apps.googleusercontent.com",
          "client_type": 3
        }
      ],
      "api_key": [
        {
          "current_key": "AIzaSyAWjfaBtREq1L4apPSjJ_yXrHREWjnPwis"
        }
      ],
      "services": {
        "appinvite_service": {
          "other_platform_oauth_client": [
            {
              "client_id": "227330710858-4sn66h8dktun80m1c727jil4lit7tiqe.apps.googleusercontent.com",
              "client_type": 3
            }
          ]
        }
      }
    }
  ],
  "configuration_version": "1"
}